Sl. No.,State/UT,District,Grade,District Score 2020-21 - Overall,District Score 2020-21 - Category - 1.Outcome (290),District Score 2020-21 - Category - 2. ECT (90),District Score 2020-21 - Category - 3. IF&SE (51),District Score 2020-21 - Category - 4.SS&CP (35),District Score 2020-21 - Category - 5. DL (50),District Score 2020-21 - Category - 6. GP (84)
1,Andaman and Nicobar Islands,Andamans,Uttam,402,151,84,43,35,21,68
2,Andaman and Nicobar Islands,Middle and North Andamans,Uttam,401,159,83,40,35,14,70
3,Andaman and Nicobar Islands,Nicobars,Uttam,390,142,85,45,35,15,68
4,Andhra Pradesh,Krishna,Ati-Uttam,429,193,83,38,29,8,78
5,Andhra Pradesh,Guntur,Ati-Uttam,425,183,83,40,34,8,77
6,Andhra Pradesh,Vizianagaram,Uttam,419,181,82,39,35,6,76
7,Andhra Pradesh,Kadapa,Uttam,416,189,78,38,33,7,71
8,Andhra Pradesh,Prakasam,Uttam,412,189,78,36,31,6,72
9,Andhra Pradesh,Nellore,Uttam,409,180,74,34,32,14,75
10,Andhra Pradesh,East Godavari,Uttam,407,211,77,42,32,8,37
11,Andhra Pradesh,Chittoor,Uttam,397,162,80,37,35,11,72
12,Andhra Pradesh,Anantapur,Uttam,385,188,67,35,23,6,66
13,Andhra Pradesh,Srikakulam,Uttam,373,203,83,31,30,5,21
14,Andhra Pradesh,Visakhapatnam,Uttam,370,168,71,34,24,8,65
15,Andhra Pradesh,West Godavari,Prachesta-1,333,155,78,36,20,8,36
16,Andhra Pradesh,Kurnool,Prachesta-1,316,142,83,24,33,8,26
17,Arunachal Pradesh,Lower Subansiri,Prachesta-1,327,141,66,37,22,10,51
18,Arunachal Pradesh,Tirap,Prachesta-1,311,147,61,34,23,4,42
19,Arunachal Pradesh,Kamle,Prachesta-1,304,159,55,30,15,2,43
20,Arunachal Pradesh,Lower Dibang Valley,Prachesta-2,294,92,78,36,24,10,54
21,Arunachal Pradesh,Lower Siang,Prachesta-2,293,121,67,27,23,2,53
22,Arunachal Pradesh,Tawang,Prachesta-2,291,120,59,42,13,6,51
23,Arunachal Pradesh,West Siang,Prachesta-2,288,124,63,29,18,6,48
24,Arunachal Pradesh,Shi Yomi,Prachesta-2,287,122,58,28,20,4,55
25,Arunachal Pradesh,Capital Complex Itanagar,Prachesta-2,286,116,48,35,13,15,59
26,Arunachal Pradesh,Kra Dadi,Prachesta-2,274,109,59,33,18,1,54
27,Arunachal Pradesh,Siang,Prachesta-2,270,112,59,37,16,3,43
28,Arunachal Pradesh,East Siang,Prachesta-2,266,94,60,34,17,7,54
29,Arunachal Pradesh,Pakke Kessang,Prachesta-2,265,109,55,34,15,3,49
30,Arunachal Pradesh,Kurung Kumey,Prachesta-2,263,118,52,26,13,5,49
31,Arunachal Pradesh,Lepa Rada,Prachesta-2,262,99,61,30,16,6,50
32,Arunachal Pradesh,Namsai,Prachesta-2,258,99,66,30,7,3,53
33,Arunachal Pradesh,Lohit,Prachesta-2,253,135,47,32,8,3,28
34,Arunachal Pradesh,Changlang,Prachesta-2,250,78,62,39,20,5,46
35,Arunachal Pradesh,Dibang Valley,Prachesta-2,249,97,48,37,16,4,47
36,Arunachal Pradesh,East Kameng,Prachesta-2,241,99,53,32,6,2,49
37,Arunachal Pradesh,Anjaw,Prachesta-3,238,103,60,34,6,1,34
38,Arunachal Pradesh,Upper Siang,Prachesta-3,230,92,53,37,11,5,32
39,Arunachal Pradesh,West Kameng,Prachesta-3,228,94,56,28,2,9,39
40,Arunachal Pradesh,Upper Subansiri,Prachesta-3,227,86,51,32,16,7,35
41,Arunachal Pradesh,Papum Pare,Prachesta-3,209,117,17,34,0,2,39
42,Arunachal Pradesh,Longding,Prachesta-3,195,75,47,30,3,6,34
43,Assam,Morigaon,Uttam,393,183,77,42,24,4,63
44,Assam,Jorhat,Uttam,384,164,82,43,32,5,58
45,Assam,Udalguri,Uttam,384,161,82,38,29,3,71
46,Assam,Dibrugarh,Uttam,378,155,86,39,34,5,59
47,Assam,Kamrup-Metro,Uttam,378,174,75,40,23,11,55
48,Assam,Majuli,Uttam,375,160,81,39,31,4,60
49,Assam,Hojai,Uttam,372,183,63,46,22,3,55
50,Assam,Darrang,Uttam,367,154,75,41,27,5,65
51,Assam,Biswanath,Uttam,364,154,76,41,34,3,56
52,Assam,Cachar,Uttam,364,168,75,42,19,3,57
53,Assam,Kamrup-Rural,Uttam,363,166,79,43,18,3,54
54,Assam,Sibsagar,Uttam,361,164,70,38,23,4,62
55,Assam,Goalpara,Prachesta-1,360,144,70,47,33,2,64
56,Assam,Bongaigaon,Prachesta-1,358,172,67,33,24,3,59
57,Assam,Dima Hasao,Prachesta-1,358,162,78,37,30,2,49
58,Assam,Golaghat,Prachesta-1,354,152,76,40,29,4,53
59,Assam,Nagaon,Prachesta-1,352,167,63,41,20,3,58
60,Assam,Tinsukia,Prachesta-1,351,149,78,39,22,6,57
61,Assam,Hailakandi,Prachesta-1,349,168,71,34,15,2,59
62,Assam,Charaideo,Prachesta-1,342,155,69,39,27,3,49
63,Assam,Nalbari,Prachesta-1,341,173,65,39,14,3,47
64,Assam,Lakhimpur,Prachesta-1,338,175,50,37,17,3,56
65,Assam,Karimganj,Prachesta-1,336,159,78,35,27,2,35
66,Assam,Kokrajhar,Prachesta-1,335,178,50,38,13,2,54
67,Assam,Barpeta,Prachesta-1,333,163,46,38,20,3,63
68,Assam,Sonitpur,Prachesta-1,326,137,66,40,24,5,54
69,Assam,South Salmara-Mankachar,Prachesta-1,313,149,65,37,18,1,43
70,Assam,Karbi Anglong,Prachesta-1,311,142,62,43,26,3,35
71,Assam,Dhemaji,Prachesta-1,310,134,58,42,20,3,53
72,Assam,Dhubri,Prachesta-1,308,154,58,33,11,2,50
73,Assam,West Karbi Anglong,Prachesta-1,306,136,59,38,22,2,49
74,Assam,Chirang,Prachesta-2,291,141,46,34,17,4,49
75,Assam,Baksa,Prachesta-2,283,137,59,32,19,2,34
76,Bihar,Patna,Prachesta-1,358,162,76,26,30,9,55
77,Bihar,Lakhisarai,Prachesta-1,357,157,79,33,32,4,52
78,Bihar,Vaishali,Prachesta-1,343,146,79,26,30,9,53
79,Bihar,Nawada,Prachesta-1,342,144,80,32,29,3,54
80,Bihar,Kaimur (Bhabua),Prachesta-1,340,153,73,28,29,2,55
81,Bihar,Nalanda,Prachesta-1,338,154,76,27,25,5,51
82,Bihar,Arwal,Prachesta-1,335,144,79,29,24,4,55
83,Bihar,Begusarai,Prachesta-1,335,155,71,28,25,3,53
84,Bihar,Rohtas,Prachesta-1,335,140,79,30,27,3,56
85,Bihar,Samastipur,Prachesta-1,334,143,79,26,35,2,49
86,Bihar,Siwan,Prachesta-1,333,149,78,28,24,3,51
87,Bihar,Gopalganj,Prachesta-1,333,160,76,24,21,3,49
88,Bihar,Muzaffarpur,Prachesta-1,333,136,79,27,33,4,54
89,Bihar,Aurangabad (Bihar),Prachesta-1,332,146,77,27,24,5,53
90,Bihar,Katihar,Prachesta-1,332,141,77,26,35,3,50
91,Bihar,Jehanabad,Prachesta-1,330,135,77,31,29,12,46
92,Bihar,Munger,Prachesta-1,329,147,73,22,34,3,50
93,Bihar,Khagaria,Prachesta-1,326,145,76,29,20,2,54
94,Bihar,Purba Champaran,Prachesta-1,325,135,82,24,30,3,51
95,Bihar,Madhubani,Prachesta-1,324,140,75,21,28,7,53
96,Bihar,Supaul,Prachesta-1,323,141,78,21,32,4,47
97,Bihar,Sheikhpura,Prachesta-1,322,135,77,31,25,4,50
98,Bihar,Sheohar,Prachesta-1,321,146,79,22,22,3,49
99,Bihar,Saharsa,Prachesta-1,321,127,74,30,33,2,55
100,Bihar,Saran,Prachesta-1,321,148,74,22,24,2,51
101,Bihar,Bhagalpur,Prachesta-1,320,139,72,23,33,4,49
102,Bihar,Pashchim Champaran,Prachesta-1,320,142,77,28,20,2,51
103,Bihar,Jamui,Prachesta-1,319,139,76,29,21,2,52
104,Bihar,Bhojpur,Prachesta-1,315,129,70,26,30,5,55
105,Bihar,Buxar,Prachesta-1,313,139,72,22,24,4,52
106,Bihar,Purnia,Prachesta-1,312,131,76,24,33,4,44
107,Bihar,Madhepura,Prachesta-1,309,136,73,12,29,3,56
108,Bihar,Kishanganj,Prachesta-1,307,119,74,29,35,1,49
109,Bihar,Sitamarhi,Prachesta-1,302,132,67,25,23,2,53
110,Bihar,Araria,Prachesta-1,302,134,66,28,27,2,45
111,Bihar,Darbhanga,Prachesta-2,300,123,75,24,26,3,49
112,Bihar,Gaya,Prachesta-2,299,134,72,25,19,5,44
113,Bihar,Banka,Prachesta-2,288,133,77,24,20,3,31
114,Chandigarh,Chandigarh,Ati-Uttam,463,190,88,49,33,32,71
115,Chhattisgarh,Surguja,Ati-Uttam,431,204,81,47,29,14,56
116,Chhattisgarh,Surajpur,Uttam,406,179,82,45,28,4,68
117,Chhattisgarh,Durg,Uttam,402,163,85,45,27,12,70
118,Chhattisgarh,Jashpur,Uttam,399,167,81,45,29,4,73
119,Chhattisgarh,Dhamtari,Uttam,393,141,82,47,31,21,71
120,Chhattisgarh,Balod,Uttam,391,159,81,45,27,12,67
121,Chhattisgarh,Mungeli,Uttam,389,157,83,43,29,12,65
122,Chhattisgarh,Raipur,Uttam,382,144,81,43,27,14,73
123,Chhattisgarh,Mahasamund,Uttam,381,150,83,45,29,6,68
124,Chhattisgarh,Balrampur Cg,Uttam,381,164,79,44,28,3,63
125,Chhattisgarh,Balodabazar,Uttam,379,153,79,43,29,7,68
126,Chhattisgarh,Raigarh,Uttam,379,148,80,44,30,5,72
127,Chhattisgarh,Janjgir - Champa,Uttam,378,133,85,44,29,12,75
128,Chhattisgarh,Korba,Uttam,376,148,80,44,30,12,62
129,Chhattisgarh,Gariaband,Uttam,375,152,79,43,27,4,70
130,Chhattisgarh,Baster,Uttam,373,152,76,44,31,4,66
131,Chhattisgarh,Bemetara,Uttam,372,153,80,43,24,7,65
132,Chhattisgarh,Kawardha,Uttam,372,147,80,44,26,5,70
133,Chhattisgarh,Bilaspur,Uttam,366,146,78,42,28,8,64
134,Chhattisgarh,Kanker,Uttam,366,131,72,43,30,20,70
135,Chhattisgarh,Dantewada,Uttam,365,134,83,46,27,5,70
136,Chhattisgarh,Kondagaon,Uttam,363,143,80,44,25,3,68
137,Chhattisgarh,Rajnandgaon,Uttam,361,154,69,44,19,6,69
138,Chhattisgarh,Koriya,Prachesta-1,360,137,82,44,28,6,63
139,Chhattisgarh,Sukma,Prachesta-1,359,141,77,44,29,3,65
140,Chhattisgarh,Narayanpur,Prachesta-1,355,129,79,44,28,4,71
141,Chhattisgarh,Bijapur,Prachesta-1,345,118,80,42,32,5,68
142,Chhattisgarh,Gourela Pendra Marvahi,Prachesta-1,311,87,78,43,29,4,70
143,Dadra and Nagar Haveli and Daman and Diu,Dadra and Nagar Haveli (Dist),Ati-Uttam,428,184,82,47,27,20,68
144,Dadra and Nagar Haveli and Daman and Diu,Daman (Dist),Uttam,382,139,85,37,19,28,74
145,Dadra and Nagar Haveli and Daman and Diu,Diu (Dist),Uttam,379,128,79,42,30,30,70
146,Delhi,New Delhi,Ati-Uttam,447,168,88,49,35,31,76
147,Delhi,West B,Ati-Uttam,437,163,88,47,35,28,76
148,Delhi,North,Ati-Uttam,435,163,87,48,35,27,75
149,Delhi,North West B,Ati-Uttam,431,157,88,48,35,28,75
150,Delhi,East,Ati-Uttam,429,160,88,44,35,27,75
151,Delhi,West A,Ati-Uttam,429,162,88,41,35,28,75
152,Delhi,South West B,Ati-Uttam,428,153,88,47,35,30,75
153,Delhi,South West A,Ati-Uttam,427,157,87,43,35,30,75
154,Delhi,North West A,Ati-Uttam,426,153,88,47,35,27,76
155,Delhi,Central,Uttam,419,152,86,46,35,25,75
156,Delhi,North East,Uttam,415,147,88,47,35,24,74
157,Delhi,South,Uttam,414,144,87,44,35,29,75
158,Delhi,South East,Uttam,411,141,87,44,35,28,76
159,Goa,South Goa,Uttam,376,153,79,39,28,26,51
160,Goa,North Goa,Uttam,368,140,80,40,28,26,54
161,Gujarat,Botad,Ati-Uttam,455,194,80,40,35,30,76
162,Gujarat,Mahesana,Ati-Uttam,450,187,83,42,32,28,78
163,Gujarat,Navsari,Ati-Uttam,448,182,85,40,35,27,79
164,Gujarat,Panch Mahals,Ati-Uttam,444,190,81,44,32,22,75
165,Gujarat,Surat,Ati-Uttam,444,188,86,41,22,28,79
166,Gujarat,Bhavnagar,Ati-Uttam,441,188,85,35,21,31,81
167,Gujarat,Kheda,Ati-Uttam,440,182,86,42,32,25,73
168,Gujarat,Mahisagar,Ati-Uttam,439,177,84,44,31,28,75
169,Gujarat,Aravalli,Ati-Uttam,438,175,83,42,35,21,82
170,Gujarat,Valsad,Ati-Uttam,438,170,86,37,35,30,80
171,Gujarat,Vadodara,Ati-Uttam,437,171,87,41,31,23,84
172,Gujarat,Anand,Ati-Uttam,434,174,86,43,28,25,78
173,Gujarat,Kachchh,Ati-Uttam,434,162,87,44,34,28,79
174,Gujarat,Banas Kantha,Ati-Uttam,430,180,73,43,34,26,74
175,Gujarat,Tapi,Ati-Uttam,430,173,83,45,33,19,77
176,Gujarat,Sabar Kantha,Ati-Uttam,429,161,86,43,35,26,78
177,Gujarat,Patan,Ati-Uttam,428,175,79,43,33,23,75
178,Gujarat,Jamnagar,Ati-Uttam,425,159,84,42,35,26,79
179,Gujarat,Devbhoomi Dwarka,Ati-Uttam,423,158,87,40,35,24,79
180,Gujarat,Morbi,Ati-Uttam,423,164,86,43,27,26,77
181,Gujarat,Ahmedabad,Ati-Uttam,422,163,87,39,31,27,75
182,Gujarat,Dohad,Ati-Uttam,422,176,74,46,26,20,80
183,Gujarat,Junagadh,Uttam,418,170,78,36,33,24,77
184,Gujarat,Porbandar,Uttam,417,170,81,43,23,25,75
185,Gujarat,Rajkot,Uttam,414,161,81,42,25,28,77
186,Gujarat,Bharuch,Uttam,413,154,83,43,35,23,75
187,Gujarat,Narmada,Uttam,409,150,86,42,35,18,78
188,Gujarat,Gandhinagar,Uttam,406,148,76,35,35,31,81
189,Gujarat,Gir Somnath,Uttam,398,157,74,40,28,26,73
190,Gujarat,Surendranagar,Uttam,396,143,86,34,35,27,71
191,Gujarat,The Dangs,Uttam,393,152,76,40,35,15,75
192,Gujarat,Amreli,Uttam,388,159,73,33,25,28,70
193,Gujarat,Chhotaudepur,Uttam,388,144,73,45,28,19,79
194,Haryana,Rohtak,Uttam,389,154,82,40,25,19,69
195,Haryana,Faridabad,Uttam,388,156,77,42,23,22,68
196,Haryana,Fatehabad,Uttam,383,144,86,44,28,13,68
197,Haryana,Mahendragarh,Uttam,378,165,75,40,20,11,67
198,Haryana,Jind,Uttam,375,150,71,43,30,13,68
199,Haryana,Rewari,Uttam,371,168,75,40,15,15,58
200,Haryana,Kaithal,Uttam,368,147,74,44,22,14,67
201,Haryana,Hisar,Uttam,367,145,75,43,25,16,63
202,Haryana,Panipat,Uttam,366,142,75,42,21,16,70
203,Haryana,Jhajjar,Uttam,365,170,62,41,12,16,64
204,Haryana,Yamunanagar,Uttam,365,141,79,44,22,10,69
205,Haryana,Bhiwani,Uttam,364,137,83,43,22,12,67
206,Haryana,Charkhi Dadri,Uttam,363,141,78,44,19,13,68
207,Haryana,Karnal,Uttam,361,142,80,34,23,14,68
208,Haryana,Kurukshetra,Prachesta-1,359,136,79,41,22,12,69
209,Haryana,Sonipat,Prachesta-1,359,158,69,44,20,15,53
210,Haryana,Panchkula,Prachesta-1,358,141,71,43,25,14,64
211,Haryana,Ambala,Prachesta-1,344,142,62,40,26,13,61
212,Haryana,Gurugram,Prachesta-1,344,154,64,35,10,21,60
213,Haryana,Palwal,Prachesta-1,344,135,82,39,15,12,61
214,Haryana,Sirsa,Prachesta-1,342,135,74,41,21,13,58
215,Haryana,Nuh,Prachesta-1,307,100,73,43,23,7,61
216,Himachal Pradesh,Mandi,Uttam,381,161,84,45,26,10,55
217,Himachal Pradesh,Kangra,Uttam,376,170,76,43,25,12,50
218,Himachal Pradesh,Shimla,Prachesta-1,354,148,76,46,26,10,48
219,Himachal Pradesh,Hamirpur (H.P.),Prachesta-1,346,154,78,43,15,13,43
220,Himachal Pradesh,Bilaspur (H.P.),Prachesta-1,343,159,84,45,0,11,44
221,Himachal Pradesh,Kinnaur,Prachesta-1,342,136,71,45,29,14,47
222,Himachal Pradesh,Una,Prachesta-1,303,131,76,41,12,14,29
223,Himachal Pradesh,Chamba,Prachesta-2,283,126,73,36,20,7,21
224,Himachal Pradesh,Kullu,Prachesta-2,279,119,66,35,18,9,32
225,Himachal Pradesh,Solan,Prachesta-2,246,140,34,30,1,13,28
226,Himachal Pradesh,Lahul and Spiti,Prachesta-2,244,111,53,30,19,6,25
227,Himachal Pradesh,Sirmaur,Prachesta-3,231,106,29,22,19,8,47
228,Jammu and Kashmir,Kulgam,Prachesta-1,358,135,83,42,30,8,60
229,Jammu and Kashmir,Srinagar,Prachesta-1,330,137,74,34,26,18,41
230,Jammu and Kashmir,Rajauri,Prachesta-1,323,129,76,33,25,4,56
231,Jammu and Kashmir,Bandipora,Prachesta-1,321,145,79,37,21,6,33
232,Jammu and Kashmir,Ganderbal,Prachesta-1,319,120,77,39,24,8,51
233,Jammu and Kashmir,Baramula,Prachesta-1,315,136,75,38,9,5,52
234,Jammu and Kashmir,Jammu,Prachesta-1,308,134,74,26,18,12,44
235,Jammu and Kashmir,Kupwara,Prachesta-1,305,141,69,26,13,5,51
236,Jammu and Kashmir,Anantnag,Prachesta-1,304,131,62,34,16,6,55
237,Jammu and Kashmir,Shopian,Prachesta-2,297,135,64,39,21,6,32
238,Jammu and Kashmir,Badgam,Prachesta-2,295,146,48,33,10,7,51
239,Jammu and Kashmir,Ramban,Prachesta-2,288,132,76,34,10,4,32
240,Jammu and Kashmir,Pulwama,Prachesta-2,287,115,62,36,15,6,53
241,Jammu and Kashmir,Doda,Prachesta-2,282,109,75,35,25,7,31
242,Jammu and Kashmir,Samba,Prachesta-2,265,130,63,37,14,9,12
243,Jammu and Kashmir,Kishtwar,Prachesta-2,259,103,75,31,11,4,35
244,Jammu and Kashmir,Kathua,Prachesta-2,254,105,64,34,14,6,31
245,Jammu and Kashmir,Punch,Prachesta-2,254,125,52,29,10,5,33
246,Jammu and Kashmir,Udhampur,Prachesta-3,220,92,65,31,15,5,12
247,Jammu and Kashmir,Reasi,Prachesta-3,204,72,66,26,19,4,17
248,Jharkhand,Saraikela-Kharsawan,Uttam,403,175,84,36,35,9,64
249,Jharkhand,Ramgarh,Uttam,390,178,81,41,22,9,59
250,Jharkhand,Dhanbad,Uttam,388,186,70,40,21,8,63
251,Jharkhand,Giridih,Uttam,375,155,76,37,33,5,69
252,Jharkhand,Chatra,Uttam,374,161,77,39,29,9,59
253,Jharkhand,Hazaribag,Uttam,369,168,85,29,10,13,64
254,Jharkhand,Ranchi,Uttam,367,154,77,41,27,10,58
255,Jharkhand,Pakaur,Prachesta-1,346,151,69,41,21,4,60
256,Jharkhand,Palamu,Prachesta-1,345,152,80,41,30,11,31
257,Jharkhand,Pashchimi Singhbhum,Prachesta-1,345,167,76,36,2,12,52
258,Jharkhand,Deoghar,Prachesta-1,340,162,79,33,10,6,50
259,Jharkhand,Latehar,Prachesta-1,333,140,70,35,19,10,59
260,Jharkhand,Kodarma,Prachesta-1,325,150,66,33,22,9,45
261,Jharkhand,Godda,Prachesta-1,324,161,67,25,7,5,59
262,Jharkhand,Jamtara,Prachesta-1,324,145,73,30,15,5,56
263,Jharkhand,Purbi Singhbhum,Prachesta-1,321,141,70,33,10,9,58
264,Jharkhand,Khunti,Prachesta-1,320,136,76,33,14,5,56
265,Jharkhand,Garhwa,Prachesta-1,311,141,61,31,15,5,58
266,Jharkhand,Lohardaga,Prachesta-1,307,131,70,24,9,10,63
267,Jharkhand,Simdega,Prachesta-1,303,126,75,30,17,4,51
268,Jharkhand,Gumla,Prachesta-2,291,145,66,33,5,5,37
269,Jharkhand,Sahibganj,Prachesta-2,287,125,68,22,13,5,54
270,Jharkhand,Bokaro,Prachesta-2,267,168,33,18,6,10,32
271,Jharkhand,Dumka,Prachesta-2,243,144,38,27,0,3,31
272,Karnataka,Dharwad,Ati-Uttam,446,205,85,39,35,19,63
273,Karnataka,Belagavi Chikkodi,Ati-Uttam,437,219,82,39,30,10,57
274,Karnataka,Gadag,Ati-Uttam,433,192,85,43,35,14,64
275,Karnataka,Belagavi,Ati-Uttam,432,209,80,40,31,11,61
276,Karnataka,Uttara Kannada,Ati-Uttam,431,208,78,43,32,13,57
277,Karnataka,Bengaluru Rural,Ati-Uttam,430,190,84,46,35,13,62
278,Karnataka,Koppal,Ati-Uttam,429,192,84,40,35,16,62
279,Karnataka,Chitradurga,Ati-Uttam,428,199,82,43,31,13,60
280,Karnataka,Haveri,Ati-Uttam,428,192,83,42,32,21,58
281,Karnataka,Hassan,Ati-Uttam,428,203,82,45,33,9,56
282,Karnataka,Uttara Kannada Sirsi,Ati-Uttam,426,187,84,46,34,15,60
283,Karnataka,Bagalkot,Ati-Uttam,425,210,81,41,22,18,53
284,Karnataka,Kodagu,Ati-Uttam,425,177,84,49,35,20,60
285,Karnataka,Davanagere,Uttam,420,198,83,35,33,12,59
286,Karnataka,Dakshina Kannada,Uttam,417,171,85,42,33,25,61
287,Karnataka,Vijayapura,Uttam,417,199,84,29,35,12,58
288,Karnataka,Tumakuru,Uttam,415,194,77,40,31,17,56
289,Karnataka,Udupi,Uttam,415,174,86,43,34,19,59
290,Karnataka,Raichur,Uttam,412,194,77,39,30,18,54
291,Karnataka,Ballari,Uttam,411,191,83,40,30,13,54
292,Karnataka,Kolar,Uttam,411,172,83,39,35,21,61
293,Karnataka,Bengaluru U North,Uttam,409,163,78,41,32,31,64
294,Karnataka,Mysuru,Uttam,409,170,83,47,35,13,61
295,Karnataka,Ramanagara,Uttam,408,200,76,34,25,12,61
296,Karnataka,Shivamogga,Uttam,408,172,79,46,28,23,60
297,Karnataka,Bengaluru U South,Uttam,407,170,78,40,29,31,59
298,Karnataka,Chikkamangaluru,Uttam,402,160,83,42,35,24,58
299,Karnataka,Chikkaballapura,Uttam,400,166,83,40,35,20,56
300,Karnataka,Mandya,Uttam,399,168,81,46,30,15,59
301,Karnataka,Yadagiri,Uttam,397,187,77,39,32,9,53
302,Karnataka,Bidar,Uttam,396,172,83,43,34,22,42
303,Karnataka,Tumakuru Madhugiri,Uttam,396,182,79,45,25,11,54
304,Karnataka,Chamarajanagara,Uttam,389,176,78,37,30,10,58
305,Karnataka,Kalburgi,Uttam,375,167,77,39,22,11,59
306,Kerala,Kollam,Ati-Uttam,476,203,87,46,35,24,81
307,Kerala,Thiruvananthapuram,Ati-Uttam,476,206,84,46,35,29,76
308,Kerala,Kannur,Ati-Uttam,469,192,85,48,35,26,83
309,Kerala,Thrissur,Ati-Uttam,468,194,81,49,34,29,81
310,Kerala,Kozhikode,Ati-Uttam,467,193,83,47,35,27,82
311,Kerala,Ernakulam,Ati-Uttam,463,188,86,48,35,28,78
312,Kerala,Alappuzha,Ati-Uttam,461,187,86,43,35,27,83
313,Kerala,Malappuram,Ati-Uttam,457,186,85,47,35,26,78
314,Kerala,Palakkad,Ati-Uttam,450,172,84,47,34,31,82
315,Kerala,Pathanamthitta,Ati-Uttam,450,176,85,48,35,27,79
316,Kerala,Kasaragod,Ati-Uttam,445,170,86,46,35,25,83
317,Kerala,Idukki,Ati-Uttam,443,175,85,46,35,24,78
318,Kerala,Kottayam,Ati-Uttam,442,180,80,44,29,27,82
319,Kerala,Wayanad,Ati-Uttam,433,172,77,48,27,27,82
320,Ladakh,Kargil,Uttam,368,134,83,45,35,15,56
321,Ladakh,Leh (Ladakh),Prachesta-1,325,121,73,37,27,14,53
322,Lakshadweep,Lakshadweep,Uttam,398,140,86,49,35,31,57
323,Madhya Pradesh,Sagar,Uttam,379,172,80,42,30,4,51
324,Madhya Pradesh,Bhopal,Uttam,374,150,83,39,35,13,54
325,Madhya Pradesh,Hoshangabad,Uttam,371,148,84,42,25,6,66
326,Madhya Pradesh,Narsimhapur,Uttam,368,189,74,36,20,5,44
327,Madhya Pradesh,Dewas,Uttam,363,151,80,35,30,3,64
328,Madhya Pradesh,Indore,Prachesta-1,359,144,84,36,30,10,55
329,Madhya Pradesh,Chhatarpur,Prachesta-1,353,139,84,45,33,4,48
330,Madhya Pradesh,Agar Malwa,Prachesta-1,349,156,83,32,30,5,43
331,Madhya Pradesh,Neemuch,Prachesta-1,349,146,81,38,26,7,51
332,Madhya Pradesh,Shahdol,Prachesta-1,349,138,83,39,27,2,60
333,Madhya Pradesh,Burhanpur,Prachesta-1,348,145,75,37,33,5,53
334,Madhya Pradesh,Rajgarh,Prachesta-1,346,142,80,38,31,5,50
335,Madhya Pradesh,Damoh,Prachesta-1,342,144,80,38,33,5,42
336,Madhya Pradesh,Seoni,Prachesta-1,342,136,77,45,25,4,55
337,Madhya Pradesh,Mandsaur,Prachesta-1,341,130,84,43,30,4,50
338,Madhya Pradesh,Betul,Prachesta-1,340,139,75,37,25,4,60
339,Madhya Pradesh,Gwalior,Prachesta-1,340,125,79,41,24,10,61
340,Madhya Pradesh,Jabalpur,Prachesta-1,338,131,83,34,30,6,54
341,Madhya Pradesh,Shivpuri,Prachesta-1,338,134,80,42,26,3,53
342,Madhya Pradesh,Datia,Prachesta-1,337,124,81,38,28,5,61
343,Madhya Pradesh,Shajapur,Prachesta-1,336,142,75,36,26,6,51
344,Madhya Pradesh,Khandwa,Prachesta-1,335,133,72,39,30,4,57
345,Madhya Pradesh,Khargone,Prachesta-1,334,123,77,39,30,4,61
346,Madhya Pradesh,Niwari,Prachesta-1,333,137,74,40,30,3,49
347,Madhya Pradesh,Rewa,Prachesta-1,333,128,76,38,31,3,57
348,Madhya Pradesh,Tikamgarh,Prachesta-1,331,134,79,33,27,4,54
349,Madhya Pradesh,Dindori,Prachesta-1,327,116,83,43,31,2,52
350,Madhya Pradesh,Sehore,Prachesta-1,327,145,74,34,22,6,46
351,Madhya Pradesh,Dhar,Prachesta-1,326,136,69,37,24,4,56
352,Madhya Pradesh,Satna,Prachesta-1,325,120,76,37,28,3,61
353,Madhya Pradesh,Mandla,Prachesta-1,324,127,76,37,25,3,56
354,Madhya Pradesh,Raisen,Prachesta-1,323,132,80,38,20,5,48
355,Madhya Pradesh,Ratlam,Prachesta-1,323,120,80,38,30,5,50
356,Madhya Pradesh,Ashoknagar,Prachesta-1,321,131,71,34,20,4,61
357,Madhya Pradesh,Anuppur,Prachesta-1,320,127,73,35,29,3,53
358,Madhya Pradesh,Bhind,Prachesta-1,319,125,83,38,30,4,39
359,Madhya Pradesh,Balaghat,Prachesta-1,318,145,69,38,20,3,43
360,Madhya Pradesh,Sheopur,Prachesta-1,318,115,73,38,21,2,69
361,Madhya Pradesh,Vidisha,Prachesta-1,317,117,82,36,26,4,52
362,Madhya Pradesh,Barwani,Prachesta-1,316,121,75,35,24,3,58
363,Madhya Pradesh,Chhindwara,Prachesta-1,315,146,69,36,6,4,54
364,Madhya Pradesh,Ujjain,Prachesta-1,314,115,76,38,27,6,52
365,Madhya Pradesh,Umaria,Prachesta-1,313,120,74,33,30,4,52
366,Madhya Pradesh,Harda,Prachesta-1,311,115,74,37,32,5,48
367,Madhya Pradesh,Panna,Prachesta-1,308,106,79,38,30,3,52
368,Madhya Pradesh,Morena,Prachesta-1,307,127,72,36,25,2,45
369,Madhya Pradesh,Singrauli,Prachesta-2,300,101,81,41,25,5,47
370,Madhya Pradesh,Sidhi,Prachesta-2,300,116,75,37,24,3,45
371,Madhya Pradesh,Guna,Prachesta-2,299,118,74,35,23,3,46
372,Madhya Pradesh,Katni,Prachesta-2,291,106,72,36,21,5,51
373,Madhya Pradesh,Alirajpur,Prachesta-2,287,80,77,37,30,9,54
374,Madhya Pradesh,Jhabua,Prachesta-2,258,92,78,33,5,2,48
375,Maharashtra,Satara,Ati-Uttam,441,197,85,41,35,24,59
376,Maharashtra,Sindhudurg,Ati-Uttam,436,206,81,37,35,19,58
377,Maharashtra,Bid,Ati-Uttam,429,202,84,43,31,15,54
378,Maharashtra,Ratnagiri,Ati-Uttam,429,193,83,43,35,19,56
379,Maharashtra,Pune,Ati-Uttam,428,175,85,48,35,25,60
380,Maharashtra,Ahmadnagar,Uttam,420,180,82,35,36,29,58
381,Maharashtra,Osmanabad,Uttam,417,173,84,44,35,24,57
382,Maharashtra,Latur,Uttam,417,176,86,39,35,21,60
383,Maharashtra,Gadchiroli,Uttam,416,184,81,48,35,15,53
384,Maharashtra,Mumbai (Suburban),Uttam,415,139,88,40,35,34,79
385,Maharashtra,Nashik,Uttam,414,164,86,48,34,24,58
386,Maharashtra,Bhandara,Uttam,414,162,84,48,34,26,60
387,Maharashtra,Gondiya,Uttam,412,159,83,49,35,27,59
388,Maharashtra,Sangli,Uttam,412,173,86,38,35,22,58
389,Maharashtra,Aurangabad (Maharashtra),Uttam,411,168,85,41,35,29,53
390,Maharashtra,Hingoli,Uttam,410,188,80,29,34,20,59
391,Maharashtra,Raigarh (Maharashtra),Uttam,408,175,82,45,32,18,56
392,Maharashtra,Nandurbar,Uttam,406,172,84,39,35,19,57
393,Maharashtra,Mumbai Ii,Uttam,406,143,87,38,35,31,72
394,Maharashtra,Buldana,Uttam,405,175,85,39,30,16,60
395,Maharashtra,Thane,Uttam,405,166,84,36,33,25,61
396,Maharashtra,Nanded,Uttam,403,162,84,43,31,23,60
397,Maharashtra,Jalgaon,Uttam,402,167,84,34,32,29,56
398,Maharashtra,Kolhapur,Uttam,401,177,81,37,26,28,52
399,Maharashtra,Dhule,Uttam,399,177,81,40,25,17,59
400,Maharashtra,Solapur,Uttam,397,174,81,45,22,22,53
401,Maharashtra,Amravati,Uttam,397,155,86,47,30,20,59
402,Maharashtra,Chandrapur,Uttam,397,148,85,48,35,30,51
403,Maharashtra,Washim,Uttam,397,177,83,29,33,18,57
404,Maharashtra,Parbhani,Uttam,395,169,79,34,28,19,66
405,Maharashtra,Akola,Uttam,394,156,81,43,35,25,54
406,Maharashtra,Palghar,Uttam,394,157,84,43,35,19,56
407,Maharashtra,Jalna,Uttam,392,150,83,39,35,26,59
408,Maharashtra,Wardha,Uttam,389,148,82,41,34,25,59
409,Maharashtra,Yavatmal,Uttam,388,142,83,48,33,23,59
410,Maharashtra,Nagpur,Uttam,385,159,79,43,30,22,52
411,Manipur,Kakching,Prachesta-2,286,143,47,40,7,10,39
412,Manipur,Senapati,Prachesta-2,281,141,43,36,7,5,49
413,Manipur,Imphal West,Prachesta-2,268,129,42,40,6,12,39
414,Manipur,Thoubal,Prachesta-2,266,134,39,38,6,8,41
415,Manipur,Noney,Prachesta-2,262,140,33,37,7,5,40
416,Manipur,Tengnoupal,Prachesta-2,257,139,41,38,4,5,30
417,Manipur,Imphal East,Prachesta-2,257,135,38,39,7,10,28
418,Manipur,Jiribam,Prachesta-2,254,126,44,37,5,4,38
419,Manipur,Kamjong,Prachesta-2,254,136,39,37,6,1,35
420,Manipur,Churachandpur,Prachesta-2,250,131,38,38,3,8,32
421,Manipur,Bishnupur,Prachesta-2,245,128,28,37,6,9,37
422,Manipur,Chandel,Prachesta-2,245,138,32,36,4,4,31
423,Manipur,Tamenglong,Prachesta-2,245,128,40,37,4,4,32
424,Manipur,Kangpokpi,Prachesta-3,234,129,28,35,3,5,34
425,Manipur,Ukhrul,Prachesta-3,233,126,33,31,3,5,35
426,Manipur,Pherzawl,Prachesta-3,232,113,46,36,6,3,28
427,Meghalaya,East Khasi Hills,Prachesta-2,259,127,44,22,10,6,50
428,Meghalaya,South West Garo Hills,Prachesta-2,256,125,38,21,11,2,59
429,Meghalaya,South West Khasi Hills,Prachesta-2,250,117,42,20,13,1,57
430,Meghalaya,West Khasi Hills,Prachesta-3,228,114,38,27,10,2,37
431,Meghalaya,Ri Bhoi,Prachesta-3,225,105,39,21,13,3,44
432,Meghalaya,West Garo Hills,Prachesta-3,222,111,51,16,9,2,33
433,Meghalaya,West Jaintia Hills,Prachesta-3,221,99,42,21,12,2,45
434,Meghalaya,East Jaintia Hills,Prachesta-3,208,105,27,22,6,3,45
435,Meghalaya,North Garo Hills,Prachesta-3,202,96,33,19,9,2,43
436,Meghalaya,South Garo Hills,Prachesta-3,202,91,33,15,9,1,53
437,Meghalaya,East Garo Hills,Prachesta-3,196,90,39,7,16,2,42
438,Mizoram,Champhai,Prachesta-1,320,126,68,43,18,10,55
439,Mizoram,Aizawl,Prachesta-1,310,137,56,41,15,3,58
440,Mizoram,Saiha,Prachesta-1,309,121,66,41,22,5,54
441,Mizoram,Saitual,Prachesta-1,309,134,64,43,13,9,46
442,Mizoram,Serchhip,Prachesta-1,308,134,55,45,12,6,56
443,Mizoram,Mamit,Prachesta-1,301,99,76,43,13,10,60
444,Mizoram,Kolasib,Prachesta-2,278,136,58,40,6,6,32
445,Mizoram,Hnahthial,Prachesta-2,269,115,61,34,14,5,40
446,Mizoram,Lawngtlai,Prachesta-2,262,101,71,36,7,3,44
447,Mizoram,Khawzawl,Prachesta-2,259,126,52,33,10,7,31
448,Mizoram,Lunglei,Prachesta-3,232,119,41,35,1,5,31
449,Nagaland,Phek,Prachesta-2,290,136,64,33,15,7,35
450,Nagaland,Mokokchung,Prachesta-2,287,125,65,40,15,10,32
451,Nagaland,Wokha,Prachesta-2,278,122,65,30,24,8,29
452,Nagaland,Kiphire,Prachesta-2,269,131,61,27,14,6,30
453,Nagaland,Kohima,Prachesta-2,266,114,55,40,14,13,30
454,Nagaland,Zunheboto,Prachesta-2,264,113,66,32,14,9,30
455,Nagaland,Dimapur,Prachesta-2,261,101,59,38,13,14,36
456,Nagaland,Peren,Prachesta-2,257,107,63,29,22,6,30
457,Nagaland,Longleng,Prachesta-2,241,107,59,23,15,6,31
458,Nagaland,Mon,Prachesta-3,238,87,60,38,16,7,30
459,Nagaland,Tuensang,Prachesta-3,237,108,49,31,14,5,30
460,Odisha,Jagatsinghpur,Ati-Uttam,457,226,84,43,29,6,69
461,Odisha,Cuttack,Ati-Uttam,441,209,85,42,26,8,71
462,Odisha,Bhadrak,Ati-Uttam,430,189,85,44,33,8,71
463,Odisha,Ganjam,Ati-Uttam,427,197,65,44,30,22,69
464,Odisha,Puri,Ati-Uttam,426,187,85,41,32,11,70
465,Odisha,Khurdha,Ati-Uttam,421,173,85,42,32,19,70
466,Odisha,Angul,Uttam,420,186,86,45,30,5,68
467,Odisha,Nayagarh,Uttam,420,195,84,38,30,6,67
468,Odisha,Balasore,Uttam,414,192,79,45,28,4,66
469,Odisha,Jajpur,Uttam,413,180,85,44,32,5,67
470,Odisha,Baragarh,Uttam,407,165,81,45,34,15,67
471,Odisha,Dhenkanal,Uttam,407,172,85,45,32,6,67
472,Odisha,Sundergarh,Uttam,404,162,86,45,34,10,67
473,Odisha,Bolangir,Uttam,403,177,83,44,31,5,63
474,Odisha,Sonepur,Uttam,403,162,83,44,35,12,67
475,Odisha,Kendrapara,Uttam,400,164,78,44,34,10,70
476,Odisha,Deogarh,Uttam,397,166,81,44,32,5,69
477,Odisha,Boudh,Uttam,393,166,84,45,29,6,63
478,Odisha,Keonjhar,Uttam,392,166,78,43,30,7,68
479,Odisha,Nabarangpur,Uttam,392,164,80,45,32,3,68
480,Odisha,Nuapada,Uttam,389,161,84,45,32,5,62
481,Odisha,Malkangiri,Uttam,386,165,79,44,30,3,65
482,Odisha,Jharsuguda,Uttam,374,159,72,46,28,11,58
483,Odisha,Sambalpur,Uttam,370,133,83,45,35,5,69
484,Odisha,Kalahandi,Uttam,369,144,83,44,30,4,64
485,Odisha,Mayurbhanj,Uttam,369,160,73,43,31,3,59
486,Odisha,Gajapati,Uttam,368,147,80,45,31,4,61
487,Odisha,Kandhamal,Uttam,364,137,84,45,29,4,65
488,Odisha,Rayagada,Prachesta-1,353,126,82,44,30,3,68
489,Odisha,Koraput,Prachesta-1,342,127,80,45,23,3,64
490,Puducherry,Mahe,Ati-Uttam,423,141,87,46,35,32,82
491,Puducherry,Karaikal,Ati-Uttam,422,144,87,45,35,31,80
492,Puducherry,Yanam,Uttam,420,141,87,45,35,31,81
493,Puducherry,Pondicherry,Uttam,416,137,87,45,35,30,82
494,Punjab,Firozpur,Ati-Uttam,461,177,83,51,30,40,80
495,Punjab,Nawanshahr,Ati-Uttam,457,174,82,51,31,40,79
496,Punjab,Mansa,Ati-Uttam,451,163,85,50,31,40,82
497,Punjab,Gurdaspur,Ati-Uttam,447,180,82,51,26,39,69
498,Punjab,Amritsar,Ati-Uttam,442,156,87,50,30,39,80
499,Punjab,Kapurthala,Ati-Uttam,442,160,81,51,30,40,80
500,Punjab,Fazilka,Ati-Uttam,439,170,83,51,26,38,71
501,Punjab,Jalandhar,Ati-Uttam,438,170,82,50,29,38,69
502,Punjab,Bathinda,Ati-Uttam,437,159,84,51,26,39,78
503,Punjab,Sangrur,Ati-Uttam,434,157,83,50,26,39,79
504,Punjab,Hoshiarpur,Ati-Uttam,433,159,84,50,26,40,74
505,Punjab,Rupnagar,Ati-Uttam,432,148,83,50,30,40,81
506,Punjab,Faridkot,Ati-Uttam,430,161,83,50,26,40,70
507,Punjab,Moga,Ati-Uttam,430,160,83,50,26,39,72
508,Punjab,Barnala,Ati-Uttam,426,151,83,52,29,39,72
509,Punjab,Pathankot,Ati-Uttam,425,154,87,46,29,39,70
510,Punjab,Taran Taran,Ati-Uttam,425,152,85,51,29,39,69
511,Punjab,Ludhiana,Ati-Uttam,422,158,83,49,26,39,67
512,Punjab,Fatehgarh Sahib,Ati-Uttam,421,152,83,51,25,40,70
513,Punjab,Patiala,Uttam,419,149,82,50,31,38,69
514,Punjab,Mohali,Uttam,414,147,83,49,25,39,71
515,Punjab,Muktsar,Uttam,411,144,82,47,26,39,73
516,Rajasthan,Jaipur,Ati-Uttam,466,214,86,42,35,26,63
517,Rajasthan,Jhunjhunu,Ati-Uttam,466,221,84,42,35,25,59
518,Rajasthan,Sikar,Ati-Uttam,462,211,85,43,35,25,63
519,Rajasthan,Ajmer,Ati-Uttam,456,208,86,42,35,23,62
520,Rajasthan,Dhaulpur,Ati-Uttam,453,217,82,36,35,24,59
521,Rajasthan,Nagaur,Ati-Uttam,449,210,83,41,35,20,60
522,Rajasthan,Dausa,Ati-Uttam,448,211,81,42,35,18,61
523,Rajasthan,Jodhpur,Ati-Uttam,446,196,85,42,35,25,63
524,Rajasthan,Jhalawar,Ati-Uttam,444,198,85,42,35,24,60
525,Rajasthan,Sawai Madhopur,Ati-Uttam,441,199,85,41,35,23,58
526,Rajasthan,Alwar,Ati-Uttam,440,196,84,42,35,22,61
527,Rajasthan,Bundi,Ati-Uttam,439,195,84,41,35,24,60
528,Rajasthan,Barmer,Ati-Uttam,438,194,84,42,35,24,59
529,Rajasthan,Bharatpur,Ati-Uttam,438,201,84,43,35,19,56
530,Rajasthan,Tonk,Ati-Uttam,438,198,82,38,35,24,61
531,Rajasthan,Hanumangarh,Ati-Uttam,437,187,86,43,35,25,61
532,Rajasthan,Kota,Ati-Uttam,436,200,85,41,35,23,52
533,Rajasthan,Chittaurgarh,Ati-Uttam,435,186,86,43,35,25,60
534,Rajasthan,Baran,Ati-Uttam,432,194,83,36,35,23,61
535,Rajasthan,Bhilwara,Ati-Uttam,432,187,86,42,35,25,57
536,Rajasthan,Bikaner,Ati-Uttam,431,185,86,41,35,24,60
537,Rajasthan,Ganganagar,Ati-Uttam,430,182,86,42,35,24,61
538,Rajasthan,Jalor,Ati-Uttam,430,187,84,42,35,24,58
539,Rajasthan,Jaisalmer,Ati-Uttam,428,187,84,41,34,24,58
540,Rajasthan,Churu,Ati-Uttam,427,203,81,39,35,16,53
541,Rajasthan,Rajsamand,Ati-Uttam,423,178,85,42,35,25,58
542,Rajasthan,Dungarpur,Uttam,419,182,84,41,35,19,58
543,Rajasthan,Udaipur,Uttam,416,181,81,41,35,20,58
544,Rajasthan,Karauli,Uttam,413,181,83,39,35,16,59
545,Rajasthan,Pratapgarh (Raj.),Uttam,403,168,84,36,35,24,56
546,Rajasthan,Sirohi,Uttam,402,163,84,41,35,23,56
547,Rajasthan,Pali,Uttam,398,166,84,41,34,21,52
548,Rajasthan,Banswara,Uttam,392,154,84,39,35,23,57
549,Sikkim,North Sikkim,Prachesta-1,349,142,77,32,27,14,57
550,Sikkim,South Sikkim,Prachesta-1,348,129,84,33,29,18,55
551,Sikkim,West Sikkim,Prachesta-1,332,115,84,32,28,14,59
552,Sikkim,East Sikkim,Prachesta-1,301,109,76,26,23,18,49
553,Tamilnadu,Perambalur,Uttam,420,182,77,41,25,17,78
554,Tamilnadu,Dharmapuri,Uttam,418,177,76,44,25,16,80
555,Tamilnadu,Villupuram,Uttam,414,170,76,44,25,18,81
556,Tamilnadu,Erode,Uttam,413,170,77,45,25,17,79
557,Tamilnadu,Tiruvannamalai,Uttam,407,163,77,44,25,16,82
558,Tamilnadu,Dindigul,Uttam,404,171,77,43,25,14,74
559,Tamilnadu,Tiruvallur,Uttam,404,167,78,41,25,18,75
560,Tamilnadu,Thanjavur,Uttam,403,162,77,44,25,19,76
561,Tamilnadu,Coimbatore,Uttam,402,161,76,44,25,21,75
562,Tamilnadu,Sivagangai,Uttam,402,170,75,43,25,14,75
563,Tamilnadu,Chennai,Uttam,401,149,77,41,25,28,81
564,Tamilnadu,Kancheepuram,Uttam,401,160,77,45,25,18,76
565,Tamilnadu,Thoothukkudi,Uttam,398,151,78,45,25,20,79
566,Tamilnadu,Salem,Uttam,398,159,77,45,25,17,75
567,Tamilnadu,Kanniyakumari,Uttam,397,153,78,45,25,19,77
568,Tamilnadu,Karur,Uttam,396,160,75,44,25,16,76
569,Tamilnadu,Namakkal,Uttam,394,155,78,43,25,16,77
570,Tamilnadu,Kallakurichi,Uttam,392,173,77,33,25,17,67
571,Tamilnadu,The Nilgiris,Uttam,392,159,75,40,25,17,76
572,Tamilnadu,Tiruchirappalli,Uttam,391,146,77,47,25,17,79
573,Tamilnadu,Ramanathapuram,Uttam,390,157,76,43,25,13,76
574,Tamilnadu,Nagapattinam,Uttam,388,150,77,43,25,16,77
575,Tamilnadu,Cuddalore,Uttam,387,148,76,44,25,16,78
576,Tamilnadu,Tiruvarur,Uttam,387,152,76,40,25,15,79
577,Tamilnadu,Pudukkottai,Uttam,387,151,75,44,25,16,76
578,Tamilnadu,Chengalpattu,Uttam,385,165,75,34,25,19,67
579,Tamilnadu,Vellore,Uttam,385,150,74,42,25,14,80
580,Tamilnadu,Tirunelveli,Uttam,377,144,75,41,25,12,80
581,Tamilnadu,Ranipet,Uttam,377,153,77,33,25,20,69
582,Tamilnadu,Virudhunagar,Uttam,375,139,74,42,25,15,80
583,Tamilnadu,Madurai,Uttam,373,137,74,42,25,16,79
584,Tamilnadu,Theni,Uttam,373,136,75,43,25,15,79
585,Tamilnadu,Tirupattur,Uttam,372,155,75,33,25,15,69
586,Tamilnadu,Tenkasi,Uttam,366,150,76,32,25,14,69
587,Tamilnadu,Tiruppur,Prachesta-1,342,107,75,44,25,16,75
588,Tamilnadu,Ariyalur,Prachesta-1,338,100,76,43,25,16,78
589,Tamilnadu,Krishnagiri,Prachesta-1,334,97,75,44,25,18,75
590,Telangana,Siddipet,Ati-Uttam,423,179,83,45,35,9,72
591,Telangana,Medchal,Uttam,406,155,85,45,34,17,70
592,Telangana,Hanumakonda,Uttam,404,162,78,41,31,18,74
593,Telangana,Karimnagar,Uttam,397,162,75,45,31,15,69
594,Telangana,Rajanna Siricilla,Uttam,391,157,83,39,33,9,70
595,Telangana,Khammam,Uttam,386,169,71,40,30,9,67
596,Telangana,Nizamabad,Uttam,381,156,82,35,32,11,65
597,Telangana,Nalgonda,Uttam,376,146,82,35,33,8,72
598,Telangana,Mancherial,Uttam,373,171,73,29,25,11,64
599,Telangana,Mulugu,Uttam,371,144,73,40,32,15,67
600,Telangana,Sangareddy,Uttam,367,163,68,26,31,10,69
601,Telangana,Jangaon,Uttam,364,153,80,28,28,8,67
602,Telangana,Peddapalli,Uttam,364,148,74,38,22,9,73
603,Telangana,Narayanapet,Uttam,363,140,76,42,17,16,72
604,Telangana,Bhadradri Kothagudem,Uttam,361,145,76,36,30,6,68
605,Telangana,Hyderabad,Uttam,361,156,68,28,25,18,66
606,Telangana,Rangareddy,Uttam,361,158,67,35,25,16,60
607,Telangana,Kamareddy,Prachesta-1,360,149,71,32,30,10,68
608,Telangana,Wanaparthy,Prachesta-1,360,144,78,33,28,7,70
609,Telangana,Jayashankar,Prachesta-1,357,144,76,35,26,6,70
610,Telangana,Mahabubnagar,Prachesta-1,352,143,78,29,28,8,66
611,Telangana,Nirmal,Prachesta-1,351,147,74,29,24,8,69
612,Telangana,Kumuram Bheem Asifabad,Prachesta-1,349,138,76,35,24,7,69
613,Telangana,Medak,Prachesta-1,345,145,69,38,20,7,66
614,Telangana,Yadadri Bhuvanagiri,Prachesta-1,345,132,74,44,21,9,65
615,Telangana,Jogulamba Gadwal,Prachesta-1,344,139,76,26,23,8,72
616,Telangana,Vikarabad,Prachesta-1,344,138,69,36,23,7,71
617,Telangana,Nagarkurnool,Prachesta-1,338,136,73,26,25,6,72
618,Telangana,Jagtial,Prachesta-1,324,128,72,28,23,8,65
619,Telangana,Mahabubabad,Prachesta-1,321,147,57,39,18,4,56
620,Telangana,Warangal,Prachesta-1,314,137,59,27,7,12,72
621,Telangana,Adilabad,Prachesta-2,300,121,70,26,12,5,66
622,Telangana,Suryapet,Prachesta-2,269,131,40,21,0,9,68
623,Tripura,Khowai,Uttam,366,150,80,40,29,13,54
624,Tripura,South Tripura,Prachesta-1,356,157,80,41,25,6,47
625,Tripura,Sepahijala,Prachesta-1,340,151,78,37,25,3,46
626,Tripura,West Tripura,Prachesta-1,335,139,65,44,27,6,54
627,Tripura,Dhalai,Prachesta-1,321,119,70,40,30,5,57
628,Tripura,North Tripura,Prachesta-1,318,121,80,41,27,8,41
629,Tripura,Gomati,Prachesta-2,284,141,54,37,16,3,33
630,Tripura,Unakoti,Prachesta-2,259,127,55,33,13,4,27
631,Uttar Pradesh,Mathura,Ati-Uttam,422,187,81,40,34,22,58
632,Uttar Pradesh,Ambedkar Nagar,Uttam,419,196,83,40,31,6,63
633,Uttar Pradesh,Jaunpur,Uttam,404,174,85,36,31,18,60
634,Uttar Pradesh,Gautam Buddha Nagar,Uttam,402,162,83,42,35,18,62
635,Uttar Pradesh,Hathras,Uttam,400,169,80,44,33,16,58
636,Uttar Pradesh,Barabanki,Uttam,398,189,83,30,35,5,56
637,Uttar Pradesh,Unnao,Uttam,397,182,84,36,35,5,55
638,Uttar Pradesh,Allahabad,Uttam,387,160,85,40,35,9,58
639,Uttar Pradesh,Bijnor,Uttam,387,167,84,37,35,7,57
640,Uttar Pradesh,Gonda,Uttam,387,169,78,31,35,14,60
641,Uttar Pradesh,Jyotiba Phule Nagar (Amroha),Uttam,384,179,80,34,33,3,55
642,Uttar Pradesh,Jhansi,Uttam,383,147,85,42,33,8,68
643,Uttar Pradesh,Meerut,Uttam,382,175,82,32,33,19,41
644,Uttar Pradesh,Gorakhpur,Uttam,380,146,85,40,35,16,58
645,Uttar Pradesh,Amethi - Csm Nagar,Uttam,379,144,84,36,35,21,59
646,Uttar Pradesh,Farrukhabad,Uttam,379,154,82,35,35,12,61
647,Uttar Pradesh,Deoria,Uttam,378,148,85,44,35,4,62
648,Uttar Pradesh,Bhadoi,Uttam,378,173,81,29,35,6,54
649,Uttar Pradesh,Ghaziabad,Uttam,373,153,79,39,28,19,55
650,Uttar Pradesh,Agra,Uttam,372,152,78,40,34,8,60
651,Uttar Pradesh,Pratapgarh,Uttam,368,160,84,36,32,3,53
652,Uttar Pradesh,Auraiya,Uttam,367,179,71,26,27,3,61
653,Uttar Pradesh,Sultanpur,Uttam,367,149,83,32,33,12,58
654,Uttar Pradesh,Ballia,Uttam,366,172,74,33,25,3,59
655,Uttar Pradesh,Kanpur Dehat,Uttam,364,158,79,30,28,11,58
656,Uttar Pradesh,Etawah,Uttam,363,174,79,40,34,4,32
657,Uttar Pradesh,Bareilly,Uttam,363,145,86,41,30,13,48
658,Uttar Pradesh,Hapur (Panchsheel Nagar),Uttam,361,152,80,34,25,8,62
659,Uttar Pradesh,Lucknow,Prachesta-1,358,126,79,41,32,23,57
660,Uttar Pradesh,Firozabad,Prachesta-1,357,134,84,36,30,14,59
661,Uttar Pradesh,Shrawasti,Prachesta-1,356,110,82,39,35,15,75
662,Uttar Pradesh,Saharanpur,Prachesta-1,354,128,82,41,35,7,61
663,Uttar Pradesh,Kaushambi,Prachesta-1,353,143,81,36,28,5,60
664,Uttar Pradesh,Sambhal (Bhim Nagar),Prachesta-1,353,131,83,37,35,19,48
665,Uttar Pradesh,Kushinagar,Prachesta-1,353,143,77,28,31,14,60
666,Uttar Pradesh,Sonbhadra,Prachesta-1,353,124,79,43,33,16,58
667,Uttar Pradesh,Sant Kabir Nagar,Prachesta-1,347,149,77,25,28,13,55
668,Uttar Pradesh,Basti,Prachesta-1,347,148,69,25,33,12,60
669,Uttar Pradesh,Varanasi,Prachesta-1,346,122,81,42,34,12,55
670,Uttar Pradesh,Fatehpur,Prachesta-1,343,143,72,39,31,3,55
671,Uttar Pradesh,Baghpat,Prachesta-1,343,146,79,35,18,17,48
672,Uttar Pradesh,Mau,Prachesta-1,343,133,82,36,31,4,57
673,Uttar Pradesh,Mirzapur,Prachesta-1,342,122,83,39,35,8,55
674,Uttar Pradesh,Bulandshahr,Prachesta-1,340,124,84,38,35,7,52
675,Uttar Pradesh,Hamirpur (U.P.),Prachesta-1,340,159,70,38,22,3,48
676,Uttar Pradesh,Azamgarh,Prachesta-1,339,165,64,31,23,3,53
677,Uttar Pradesh,Kanpur Nagar,Prachesta-1,339,131,72,35,31,9,61
678,Uttar Pradesh,Moradabad,Prachesta-1,337,129,78,29,27,16,58
679,Uttar Pradesh,Faizabad,Prachesta-1,337,147,57,36,31,6,60
680,Uttar Pradesh,Mainpuri,Prachesta-1,337,148,73,39,20,4,53
681,Uttar Pradesh,Chandauli,Prachesta-1,333,167,64,39,20,6,37
682,Uttar Pradesh,Jalaun,Prachesta-1,333,173,74,21,23,3,39
683,Uttar Pradesh,Lalitpur,Prachesta-1,330,162,66,17,20,7,58
684,Uttar Pradesh,Kannauj,Prachesta-1,326,121,70,39,35,5,56
685,Uttar Pradesh,Muzaffarnagar,Prachesta-1,324,121,74,32,33,4,60
686,Uttar Pradesh,Balrampur Up,Prachesta-1,323,114,75,42,35,5,52
687,Uttar Pradesh,Rae Bareli,Prachesta-1,323,145,55,36,25,8,54
688,Uttar Pradesh,Siddharthnagar,Prachesta-1,322,132,71,25,34,2,58
689,Uttar Pradesh,Budaun,Prachesta-1,321,116,81,32,30,4,58
690,Uttar Pradesh,Hardoi,Prachesta-1,320,106,84,33,33,7,57
691,Uttar Pradesh,Kanshiram Nagar,Prachesta-1,320,123,75,26,32,5,59
692,Uttar Pradesh,Kheri,Prachesta-1,320,109,79,39,29,8,56
693,Uttar Pradesh,Etah,Prachesta-1,319,107,75,36,29,13,59
694,Uttar Pradesh,Pilibhit,Prachesta-1,311,142,66,24,23,3,53
695,Uttar Pradesh,Sitapur,Prachesta-1,310,120,69,42,21,4,54
696,Uttar Pradesh,Bahraich,Prachesta-1,309,124,76,36,27,3,43
697,Uttar Pradesh,Shahjahanpur,Prachesta-1,308,115,68,32,25,13,55
698,Uttar Pradesh,Chitrakoot,Prachesta-1,307,133,82,14,23,4,51
699,Uttar Pradesh,Shamli (Prabudh Nagar),Prachesta-1,302,90,81,25,35,19,52
700,Uttar Pradesh,Ghazipur,Prachesta-1,302,120,76,20,26,4,56
701,Uttar Pradesh,Banda,Prachesta-2,300,116,71,37,26,5,45
702,Uttar Pradesh,Maharajganj,Prachesta-2,300,123,78,31,29,7,32
703,Uttar Pradesh,Rampur,Prachesta-2,298,117,57,38,24,5,57
704,Uttar Pradesh,Aligarh,Prachesta-2,264,153,36,11,10,12,42
705,Uttar Pradesh,Mahoba,Akanshi-2,109,77,12,12,0,3,5
706,Uttarakhand,Bageshwar,Uttam,389,164,79,42,34,8,62
707,Uttarakhand,Dehradun,Uttam,375,166,79,40,20,14,56
708,Uttarakhand,Udham Singh Nagar,Uttam,363,152,78,39,23,11,60
709,Uttarakhand,Almora,Uttam,362,159,81,39,25,6,52
710,Uttarakhand,Tehri Garhwal,Prachesta-1,346,167,72,39,21,6,41
711,Uttarakhand,Rudraprayag,Prachesta-1,341,148,72,34,24,7,56
712,Uttarakhand,Hardwar,Prachesta-1,336,161,74,32,22,11,36
713,Uttarakhand,Champawat,Prachesta-1,332,136,81,21,30,8,56
714,Uttarakhand,Uttarkashi,Prachesta-1,330,125,64,44,25,15,57
715,Uttarakhand,Pauri,Prachesta-1,326,175,76,34,13,8,20
716,Uttarakhand,Chamoli,Prachesta-1,321,153,67,25,12,6,58
717,Uttarakhand,Nainital,Prachesta-2,292,163,46,44,6,10,23
718,Uttarakhand,Pithoragarh,Prachesta-3,224,107,54,44,3,6,10
719,West Bengal,Kolkata,Ati-Uttam,426,192,81,43,35,22,53
720,West Bengal,Hooghly,Uttam,418,169,85,45,35,22,62
721,West Bengal,Purba Bardhaman,Uttam,412,183,81,38,33,21,56
722,West Bengal,Purba Medinipur,Uttam,398,198,80,35,20,3,62
723,West Bengal,Dakshin Dinajpur,Uttam,395,162,82,43,34,15,59
724,West Bengal,Murshidabad,Uttam,393,179,80,36,35,4,59
725,West Bengal,Jhargram,Uttam,391,169,83,39,32,11,57
726,West Bengal,South Twenty Four Pargana,Uttam,389,179,83,34,30,11,52
727,West Bengal,Paschim Bardhaman,Uttam,387,165,86,37,32,7,60
728,West Bengal,North Twenty Four Pargana,Uttam,386,158,85,41,35,6,61
729,West Bengal,Paschim Medinipur,Uttam,385,177,78,36,30,3,61
730,West Bengal,Coochbehar,Uttam,382,166,82,36,34,13,51
731,West Bengal,Maldah,Uttam,376,169,79,28,34,4,62
732,West Bengal,Nadia,Uttam,376,162,76,36,29,16,57
733,West Bengal,Howrah,Uttam,371,160,80,34,33,6,58
734,West Bengal,Jalpaiguri,Prachesta-1,352,118,84,43,35,15,57
735,West Bengal,Bankura,Prachesta-1,348,156,73,36,17,10,56
736,West Bengal,Birbhum,Prachesta-1,347,138,77,39,29,4,60
737,West Bengal,Puruliya,Prachesta-1,345,138,84,32,33,3,55
738,West Bengal,Alipurduar,Prachesta-1,343,153,77,34,32,4,43
739,West Bengal,Kalimpong,Prachesta-2,284,85,81,32,35,3,48
740,West Bengal,Siliguri,Prachesta-2,277,126,32,26,30,7,56
741,West Bengal,Uttar Dinajpur,Prachesta-2,277,108,64,28,17,11,49
742,West Bengal,Darjiling,Akanshi-2,96,46,18,26,0,4,2
